{"IcoMoonType":"selection","icons":[{"icon":{"paths":["M1024 590.444l-512-397.426-512 397.428v-162.038l512-397.426 512 397.428zM896 576v384h-256v-256h-256v256h-256v-384l384-288z"],"tags":["home","house"],"defaultCode":59648,"grid":16,"attrs":[]},"attrs":[],"properties":{"ligatures":"home, house","name":"home","order":3,"id":1,"prevSize":32,"code":59648},"setIdx":0,"setId":1,"iconIdx":0},{"icon":{"paths":["M0 1024h512v-1024h-512v1024zM320 128h128v128h-128v-128zM320 384h128v128h-128v-128zM320 640h128v128h-128v-128zM64 128h128v128h-128v-128zM64 384h128v128h-128v-128zM64 640h128v128h-128v-128zM576 320h448v64h-448zM576 1024h128v-256h192v256h128v-576h-448z"],"tags":["office","buildings","work"],"defaultCode":59651,"grid":16,"attrs":[]},"attrs":[],"properties":{"ligatures":"office, buildings","name":"office","order":5,"id":4,"prevSize":32,"code":59651},"setIdx":0,"setId":1,"iconIdx":3},{"icon":{"paths":["M768 639.968l-182.82-182.822 438.82-329.15-128.010-127.996-548.52 219.442-172.7-172.706c-49.78-49.778-119.302-61.706-154.502-26.508-35.198 35.198-23.268 104.726 26.51 154.5l172.686 172.684-219.464 548.582 127.99 128.006 329.19-438.868 182.826 182.828v255.98h127.994l63.992-191.988 191.988-63.996v-127.992l-255.98 0.004z"],"tags":["airplane","travel","flight","plane","transport","fly","vacation"],"defaultCode":59823,"grid":16,"attrs":[]},"attrs":[],"properties":{"ligatures":"airplane, travel","name":"airplane","order":4,"id":176,"prevSize":32,"code":59823},"setIdx":0,"setId":1,"iconIdx":175}],"height":1024,"metadata":{"name":"icomoon"},"preferences":{"showGlyphs":true,"showQuickUse":true,"showQuickUse2":true,"showSVGs":true,"fontPref":{"prefix":"icon-","metadata":{"fontFamily":"icomoon"},"metrics":{"emSize":1024,"baseline":6.25,"whitespace":50},"embed":false,"hideFormats":false,"autoHost":true},"imagePref":{"prefix":"icon-","png":true,"useClassSelector":true,"color":0,"bgColor":16777215,"classSelector":".icon","name":"icomoon","height":32,"columns":16,"margin":16,"numPrefix":false,"minifyJs":false},"historySize":50,"showCodes":true,"gridSize":16,"quickUsageToken":{"UntitledProject":"MDIxNTkyMjExOGVmZWU1NWJiZDU4YjEzYjI5MjIxMTkjMSMxNjQ4NzQzMTQ0IyMjZTQ0ODEzNGVjNzk5"}}}