{
  "IcoMoonType": "selection",
  "icons": [
    {
      "icon": {
        "paths": [
          "M934.176 168.48c-116.128-115.072-301.824-117.472-422.112-9.216-120.32-108.256-305.952-105.856-422.144 9.216-119.712 118.528-119.712 310.688 0 429.28 34.208 33.888 353.696 350.112 353.696 350.112 37.856 37.504 99.072 37.504 136.896 0 0 0 349.824-346.304 353.696-350.112 119.744-118.592 119.744-310.752-0.032-429.28zM888.576 552.576l-353.696 350.112c-12.576 12.512-33.088 12.512-45.6 0l-353.696-350.112c-94.4-93.44-94.4-245.472 0-338.912 91.008-90.080 237.312-93.248 333.088-7.104l43.392 39.040 43.36-39.040c95.808-86.144 242.112-83.008 333.12 7.104 94.4 93.408 94.4 245.44 0.032 338.912zM296.096 240.032c8.864 0 16 7.168 16 16s-7.168 16-16 16h-0.032c-57.408 0-103.968 46.56-103.968 103.968v0.032c0 8.832-7.168 16-16 16s-16-7.168-16-16v0c0-75.072 60.832-135.904 135.872-135.968 0.064 0 0.064-0.032 0.128-0.032z"
        ],
        "attrs": [
          {}
        ],
        "isMulticolor": false,
        "isMulticolor2": false,
        "tags": [
          "heart",
          "love",
          "like"
        ],
        "grid": 32
      },
      "attrs": [
        {}
      ],
      "properties": {
        "order": 1,
        "id": 0,
        "prevSize": 32,
        "name": "heart",
        "code": 59648
      },
      "setIdx": 0,
      "setId": 2,
      "iconIdx": 0
    },
    {
      "icon": {
        "paths": [
          "M755.188 64c148.382 0 268.812 120.44 268.812 268.832 0 292.21-315.824 382.842-511.978 679.418-207.522-298.424-512.022-377.572-512.022-679.418 0-148.392 120.426-268.832 268.808-268.832 60.354 0 115.99 27.53 160.796 67.834l-77.604 124.166 224 128-128 320 352-384-224-128 61.896-92.846c35.42-21.768 75.21-35.154 117.292-35.154z"
        ],
        "tags": [
          "heart-broken",
          "heart",
          "like",
          "love"
        ],
        "defaultCode": 59867,
        "grid": 16,
        "attrs": []
      },
      "attrs": [],
      "properties": {
        "ligatures": "heart-broken, heart2",
        "name": "heart-broken",
        "order": 14,
        "id": 220,
        "prevSize": 32,
        "code": 59867
      },
      "setIdx": 1,
      "setId": 1,
      "iconIdx": 219
    }
  ],
  "height": 1024,
  "preferences": {
    "showGlyphs": true,
    "showQuickUse": true,
    "showQuickUse2": true,
    "showSVGs": true,
    "fontPref": {
      "prefix": "icon-",
      "metadata": {
        "fontFamily": "icomoon"
      },
      "metrics": {
        "emSize": 1024,
        "baseline": 6.25,
        "whitespace": 50
      },
      "embed": false
    },
    "imagePref": {
      "prefix": "icon-",
      "png": true,
      "useClassSelector": true,
      "color": 0,
      "bgColor": 16777215,
      "classSelector": ".icon",
      "name": "icomoon"
    },
    "historySize": 50,
    "showCodes": true,
    "gridSize": 16
  }
}